Date,Event,All Day,Start,End,Source,UID
2026-09-02,Working (Early),No,07:00,19:00,Working rota,jen-2026-09-02-working-early@jen-rota
2026-09-03,Working (Early),No,07:00,19:00,Working rota,jen-2026-09-03-working-early@jen-rota
2026-09-04,Working (Nights),No,19:00,07:00,Working rota,jen-2026-09-04-working-nights@jen-rota
2026-09-05,Working (Nights),No,19:00,07:00,Working rota,jen-2026-09-05-working-nights@jen-rota
2026-09-09,FED,Yes,,,Working rota,jen-2026-09-09-fed@jen-rota
2026-09-10,Working (Nights),No,19:00,07:00,Working rota,jen-2026-09-10-working-nights@jen-rota
2026-09-11,Working (Nights),No,19:00,07:00,Working rota,jen-2026-09-11-working-nights@jen-rota
2026-09-12,Working (Nights),No,19:00,07:00,Working rota,jen-2026-09-12-working-nights@jen-rota
2026-09-13,Working (Nights),No,19:00,07:00,Working rota,jen-2026-09-13-working-nights@jen-rota
2026-09-18,Working (Early),No,07:00,19:00,Working rota,jen-2026-09-18-working-early@jen-rota
2026-09-19,Working (Early),No,07:00,19:00,Working rota,jen-2026-09-19-working-early@jen-rota
2026-09-26,FED,Yes,,,Working rota,jen-2026-09-26-fed@jen-rota
2026-09-27,FED,Yes,,,Working rota,jen-2026-09-27-fed@jen-rota
2026-10-03,On call (co-ord),Yes,,,Negotiators call-out rota,jen-2026-10-03-on-call-co-ord@jen-rota
2026-10-04,On call (co-ord),Yes,,,Negotiators call-out rota,jen-2026-10-04-on-call-co-ord@jen-rota
2026-10-05,Working (Early),No,07:00,19:00,Working rota,jen-2026-10-05-working-early@jen-rota
2026-10-06,Working (Nights),No,19:00,07:00,Working rota,jen-2026-10-06-working-nights@jen-rota
2026-10-08,Meeting,Yes,,,Working rota,jen-2026-10-08-meeting@jen-rota
2026-10-09,On call (co-ord),Yes,,,Negotiators call-out rota,jen-2026-10-09-on-call-co-ord@jen-rota
2026-10-10,On call (co-ord),Yes,,,Negotiators call-out rota,jen-2026-10-10-on-call-co-ord@jen-rota
2026-10-11,On call (co-ord),Yes,,,Negotiators call-out rota,jen-2026-10-11-on-call-co-ord@jen-rota
2026-10-23,Working (Nights),No,19:00,07:00,Working rota,jen-2026-10-23-working-nights@jen-rota
2026-10-24,On call (fed),Yes,,,Fed on-call rota,jen-2026-10-24-on-call-fed@jen-rota
2026-10-25,On call (fed),Yes,,,Fed on-call rota,jen-2026-10-25-on-call-fed@jen-rota
2026-10-26,On call (fed),Yes,,,Fed on-call rota,jen-2026-10-26-on-call-fed@jen-rota
2026-10-27,On call (fed),Yes,,,Fed on-call rota,jen-2026-10-27-on-call-fed@jen-rota
2026-10-28,On call (fed),Yes,,,Fed on-call rota,jen-2026-10-28-on-call-fed@jen-rota
2026-10-29,On call (fed),Yes,,,Fed on-call rota,jen-2026-10-29-on-call-fed@jen-rota
2026-10-30,On call (fed),Yes,,,Fed on-call rota,jen-2026-10-30-on-call-fed@jen-rota
2026-11-01,On call (co-ord),Yes,,,Negotiators call-out rota,jen-2026-11-01-on-call-co-ord@jen-rota
2026-11-04,On call (co-ord),Yes,,,Negotiators call-out rota,jen-2026-11-04-on-call-co-ord@jen-rota
2026-11-05,Working (Early),No,07:00,19:00,Working rota,jen-2026-11-05-working-early@jen-rota
2026-11-06,Working (Early),No,07:00,19:00,Working rota,jen-2026-11-06-working-early@jen-rota
2026-11-07,Working (Nights),No,19:00,07:00,Working rota,jen-2026-11-07-working-nights@jen-rota
2026-11-10,On call (co-ord),Yes,,,Negotiators call-out rota,jen-2026-11-10-on-call-co-ord@jen-rota
2026-11-13,Working (Early),No,07:00,19:00,Working rota,jen-2026-11-13-working-early@jen-rota
2026-11-14,Working (Early),No,07:00,19:00,Working rota,jen-2026-11-14-working-early@jen-rota
2026-11-15,Working (Nights),No,19:00,07:00,Working rota,jen-2026-11-15-working-nights@jen-rota
2026-11-16,Working (Nights),No,19:00,07:00,Working rota,jen-2026-11-16-working-nights@jen-rota
2026-11-20,On call (fed),Yes,,,Fed on-call rota,jen-2026-11-20-on-call-fed@jen-rota
2026-11-21,On call (fed),Yes,,,Fed on-call rota,jen-2026-11-21-on-call-fed@jen-rota
2026-11-22,On call (fed),Yes,,,Fed on-call rota,jen-2026-11-22-on-call-fed@jen-rota
2026-11-23,On call (fed),Yes,,,Fed on-call rota,jen-2026-11-23-on-call-fed@jen-rota
2026-11-24,On call (fed),Yes,,,Fed on-call rota,jen-2026-11-24-on-call-fed@jen-rota
2026-11-25,On call (co-ord),Yes,,,Negotiators call-out rota,jen-2026-11-25-on-call-co-ord@jen-rota
2026-11-28,On call (co-ord),Yes,,,Negotiators call-out rota,jen-2026-11-28-on-call-co-ord@jen-rota
2026-11-29,Working (Early),No,07:00,19:00,Working rota,jen-2026-11-29-working-early@jen-rota
2026-11-30,Working (Early),No,07:00,19:00,Working rota,jen-2026-11-30-working-early@jen-rota
2026-12-01,On call (co-ord),Yes,,,Negotiators call-out rota,jen-2026-12-01-on-call-co-ord@jen-rota
2026-12-03,On call (co-ord),Yes,,,Negotiators call-out rota,jen-2026-12-03-on-call-co-ord@jen-rota
2026-12-07,Working (Early),No,07:00,19:00,Working rota,jen-2026-12-07-working-early@jen-rota
2026-12-08,Working (Early),No,07:00,19:00,Working rota,jen-2026-12-08-working-early@jen-rota
2026-12-09,FED,Yes,,,Working rota,jen-2026-12-09-fed@jen-rota
2026-12-09,On call (co-ord),Yes,,,Negotiators call-out rota,jen-2026-12-09-on-call-co-ord@jen-rota
2026-12-11,On call (co-ord),Yes,,,Negotiators call-out rota,jen-2026-12-11-on-call-co-ord@jen-rota
2026-12-17,On call (co-ord),Yes,,,Negotiators call-out rota,jen-2026-12-17-on-call-co-ord@jen-rota
2026-12-18,On call (co-ord),Yes,,,Negotiators call-out rota,jen-2026-12-18-on-call-co-ord@jen-rota
2026-12-18,Working (Nights),No,19:00,07:00,Working rota,jen-2026-12-18-working-nights@jen-rota
2026-12-23,Working (Early),No,07:00,19:00,Working rota,jen-2026-12-23-working-early@jen-rota
2026-12-24,Working (Early),No,07:00,19:00,Working rota,jen-2026-12-24-working-early@jen-rota
2026-12-25,Working (Nights),No,19:00,07:00,Working rota,jen-2026-12-25-working-nights@jen-rota
2026-12-26,Working (Nights),No,19:00,07:00,Working rota,jen-2026-12-26-working-nights@jen-rota
2026-12-31,Working (Early),No,07:00,19:00,Working rota,jen-2026-12-31-working-early@jen-rota
2027-01-01,Working (Early),No,07:00,19:00,Working rota,jen-2027-01-01-working-early@jen-rota
2027-01-02,Working (Nights),No,19:00,07:00,Working rota,jen-2027-01-02-working-nights@jen-rota
2027-01-03,Working (Nights),No,19:00,07:00,Working rota,jen-2027-01-03-working-nights@jen-rota
2027-01-08,Working (Early),No,07:00,19:00,Working rota,jen-2027-01-08-working-early@jen-rota
2027-01-09,Working (Early),No,07:00,19:00,Working rota,jen-2027-01-09-working-early@jen-rota
2027-01-10,Working (Nights),No,19:00,07:00,Working rota,jen-2027-01-10-working-nights@jen-rota
2027-01-11,Working (Nights),No,19:00,07:00,Working rota,jen-2027-01-11-working-nights@jen-rota
2027-01-24,Working (Early),No,07:00,19:00,Working rota,jen-2027-01-24-working-early@jen-rota
2027-01-25,Working (Early),No,07:00,19:00,Working rota,jen-2027-01-25-working-early@jen-rota
2027-02-01,Working (Early),No,07:00,19:00,Working rota,jen-2027-02-01-working-early@jen-rota
2027-02-02,Working (Early),No,07:00,19:00,Working rota,jen-2027-02-02-working-early@jen-rota
2027-02-03,Working (Nights),No,19:00,07:00,Working rota,jen-2027-02-03-working-nights@jen-rota
2027-02-04,Working (Nights),No,19:00,07:00,Working rota,jen-2027-02-04-working-nights@jen-rota
2027-02-09,Working (Early),No,07:00,19:00,Working rota,jen-2027-02-09-working-early@jen-rota
2027-02-10,Working (Early),No,07:00,19:00,Working rota,jen-2027-02-10-working-early@jen-rota
2027-02-11,Working (Nights),No,19:00,07:00,Working rota,jen-2027-02-11-working-nights@jen-rota
2027-02-12,Working (Nights),No,19:00,07:00,Working rota,jen-2027-02-12-working-nights@jen-rota
2027-02-26,Working (Early),No,07:00,19:00,Working rota,jen-2027-02-26-working-early@jen-rota
2027-02-27,Working (Nights),No,19:00,07:00,Working rota,jen-2027-02-27-working-nights@jen-rota
2027-02-28,Working (Nights),No,19:00,07:00,Working rota,jen-2027-02-28-working-nights@jen-rota
2027-03-05,Working (Early),No,07:00,19:00,Working rota,jen-2027-03-05-working-early@jen-rota
2027-03-06,Working (Early),No,07:00,19:00,Working rota,jen-2027-03-06-working-early@jen-rota
2027-03-07,Working (Nights),No,19:00,07:00,Working rota,jen-2027-03-07-working-nights@jen-rota
2027-03-08,Working (Nights),No,19:00,07:00,Working rota,jen-2027-03-08-working-nights@jen-rota
2027-03-12,Training,Yes,,,Working rota,jen-2027-03-12-training@jen-rota
2027-03-13,Working (Early),No,07:00,19:00,Working rota,jen-2027-03-13-working-early@jen-rota
2027-03-14,Working (Early),No,07:00,19:00,Working rota,jen-2027-03-14-working-early@jen-rota
2027-03-15,Working (Nights),No,19:00,07:00,Working rota,jen-2027-03-15-working-nights@jen-rota
2027-03-16,Working (Nights),No,19:00,07:00,Working rota,jen-2027-03-16-working-nights@jen-rota
2027-03-29,Working (Early),No,07:00,19:00,Working rota,jen-2027-03-29-working-early@jen-rota
2027-03-30,Working (Early),No,07:00,19:00,Working rota,jen-2027-03-30-working-early@jen-rota
2027-03-31,Working (Nights),No,19:00,07:00,Working rota,jen-2027-03-31-working-nights@jen-rota
2027-04-06,Working (Early),No,07:00,19:00,Working rota,jen-2027-04-06-working-early@jen-rota
2027-04-07,Working (Early),No,07:00,19:00,Working rota,jen-2027-04-07-working-early@jen-rota
2027-04-08,Working (Nights),No,19:00,07:00,Working rota,jen-2027-04-08-working-nights@jen-rota
2027-04-09,Working (Nights),No,19:00,07:00,Working rota,jen-2027-04-09-working-nights@jen-rota
2027-04-22,Working (Early),No,07:00,19:00,Working rota,jen-2027-04-22-working-early@jen-rota
2027-04-23,Working (Early),No,07:00,19:00,Working rota,jen-2027-04-23-working-early@jen-rota
2027-04-24,Working (Nights),No,19:00,07:00,Working rota,jen-2027-04-24-working-nights@jen-rota
2027-04-25,Working (Nights),No,19:00,07:00,Working rota,jen-2027-04-25-working-nights@jen-rota
2027-04-30,Working (Early),No,07:00,19:00,Working rota,jen-2027-04-30-working-early@jen-rota
2027-05-01,Working (Early),No,07:00,19:00,Working rota,jen-2027-05-01-working-early@jen-rota
2027-05-02,Working (Nights),No,19:00,07:00,Working rota,jen-2027-05-02-working-nights@jen-rota
2027-05-09,Working (Early),No,07:00,19:00,Working rota,jen-2027-05-09-working-early@jen-rota
2027-05-10,Working (Nights),No,19:00,07:00,Working rota,jen-2027-05-10-working-nights@jen-rota
2027-05-11,Working (Nights),No,19:00,07:00,Working rota,jen-2027-05-11-working-nights@jen-rota
